RANK,MOVEMENT,PLAYER_ID,PLAYER,VICTORIES
1,0,46970,Jon Rahm,4
2,0,46717,Viktor Hovland,3
3,0,33141,Keegan Bradley,2
3,0,51766,Wyndham Clark,2
3,0,29725,Tony Finau,2
3,0,25900,Lucas Glover,2
3,0,39977,Max Homa,2
3,0,55182,Tom Kim,2
3,0,28237,Rory McIlroy,2
3,0,46046,Scottie Scheffler,2
11,0,56630,Akshay Bhatia,1
11,0,47504,Sam Burns,1
11,0,39997,Corey Conners,1
11,0,28089,Jason Day,1
11,0,51349,Nico Echavarria,1
11,0,40098,Matt Fitzpatrick,1
11,0,32102,Rickie Fowler,1
11,0,31646,Emiliano Grillo,1
11,0,47988,Nick Hardy,1
11,0,27644,Brian Harman,1
11,0,34098,Russell Henley,1
11,0,54628,Lee Hodges,1
11,0,35506,Mackenzie Hughes,1
11,0,37455,Si Woo Kim,1
11,0,30926,Chris Kirk,1
11,0,48117,Kurt Kitayama,1
11,0,36689,Brooks Koepka,1
11,0,27129,Luke List,1
11,0,49947,Taylor Moore,1
11,0,50525,Collin Morikawa,1
11,0,51070,Vincent Norrman,1
11,0,28252,Seamus Power,1
11,0,47995,Davis Riley,1
11,0,22405,Justin Rose,1
11,0,49960,Sepp Straka,1
11,0,40115,Adam Svensson,1
11,0,25493,Nick Taylor,1
11,0,51634,Sahith Theegala,1
11,0,40006,Erik van Rooyen,1
11,30,27770,Camilo Villegas,1
11,0,48887,Matt Wallace,1
42,-1,52955,Ludvig Åberg,0
42,-1,23778,Brad Adamonis,0
42,-1,51856,Tom Adrounie,0
42,-1,24461,Thomas Aiken,0
42,-1,64267,Blaze Akana,0
42,-1,49303,Anders Albertson,0
42,-1,33408,Tyson Alexander,0
42,-1,20771,Steven Alker,0
42,-1,60405,Bastien Amat,0
42,-1,58297,Paresh Amin,0
42,-1,33948,Byeong Hun An,0
42,-1,45526,Abraham Ancer,0
42,-1,30978,Kiradech Aphibarnrat,0
42,-1,45194,Marcus Armitage,0
42,-1,19803,Ryan Armour,0
42,-1,52096,Adri Arnaus,0
42,-1,21407,Arjun Atwal,0
42,-1,56676,John Augenstein,0
42,-1,47850,John Axelsen,0
42,-1,23048,Eric Axley,0
42,-1,51661,Nick Bachem,0
42,-1,22371,Aaron Baddeley,0
42,-1,28259,Sangmoon Bae,0
42,-1,56003,Yongjun Bae,0
42,-1,33404,Chris Baker,0
42,-1,32622,Matthew Baldwin,0
42,-1,60165,Jose Luis Ballester Barrio,0
42,-1,37212,Paul Barjon,0
42,-1,52956,Kyle Barker,0
42,-1,34374,Erik Barnes,0
42,-1,24846,Ricky Barnes,0
42,-1,46955,Haydn Barron,0
42,-1,35490,Wil Bateman,0
42,-1,48001,Zach Bauchou,0
42,-1,52633,Alex Beach,0
42,-1,12652,Cameron Beckman,0
42,-1,31678,Oliver Bekker,0
42,-1,49117,Isidro Benitez,0
42,-1,59652,Sam Bennett,0
42,-1,55411,Jacob Bergeron,0
42,-1,27909,Wil Besseling,0
42,0,66121,Oliver Betschart,0
42,-1,45522,Christiaan Bezuidenhout,0
42,-1,56869,Taylor Bibbs,0
42,-1,55930,Fred Biondi,0
42,-1,34310,Alexander Björk,0
42,-1,40058,Zac Blair,0
42,-1,54788,Chandler Blanchet,0
42,-1,45836,Richard Bland,0
42,-1,27958,Ryan Blaum,0
42,-1,55888,Devon Bling,0
42,-1,27895,Jonas Blixt,0
42,-1,22764,Michael Block,0
42,-1,24507,Jason Bohn,0
42,-1,54871,Grant Booth,0
42,-1,06214,Guy Boros,0
42,-1,39460,Cyril Bouniol,0
42,-1,40009,Dominic Bozzelli,0
42,-1,63459,Dan Bradbury,0
42,-1,34255,Joseph Bramlett,0
42,-1,28420,Ryan Brehm,0
42,-1,61522,Michael Brennan,0
42,-1,60004,Jacob Bridgeman,0
42,-1,52095,Christoffer Bring,0
42,-1,63342,Barclay Brown,0
42,-1,57259,Daniel Brown,0
42,-1,29479,Scott Brown,0
42,-1,36892,Olin Browne Jr.,0
42,-1,36837,Julien Brun,0
42,-1,48084,Wesley Bryan,0
42,0,51363,George Bryan IV,0
42,-1,55708,Hayden Buckley,0
42,-1,33974,Dean Burmester,0
42,-1,24925,Jonathan Byrd,0
42,-1,58816,Marcus Byrd,0
42,-1,26499,Rafa Cabrera Bello,0
42,-1,64754,Matt Cahill,0
42,-1,58716,Ethan Cairns,0
42,-1,36389,Robi Calvesbert,0
42,-1,12510,Chad Campbell,0
42,-1,32367,Jorge Campillo,0
42,-1,32070,Rafael Campos,0
42,-1,26500,Alejandro Cañizares,0
42,-1,34362,Laurie Canter,0
42,-1,35450,Patrick Cantlay,0
42,-1,61256,Tim Cantwell,0
42,-1,49590,Frankie Capan III,0
42,-1,48898,David Carey,0
42,-1,60006,Ben Carr,0
42,-1,60499,Luis Carrera,0
42,-1,64266,Michael Castillo,0
42,-1,45734,John Catlin,0
42,-1,58945,Christian Cavaliere,0
42,-1,20593,Greg Chalmers,0
42,-1,52372,Cameron Champ,0
42,-1,32366,Kevin Chappell,0
42,-1,33605,Gunn Charoenkul,0
42,-1,51671,Alex Chiarella,0
42,-1,24357,K.J. Choi,0
42,-1,20850,Daniel Chopra,0
42,-1,65071,Tiger Christensen,0
42,-1,54530,Henry Chung,0
42,-1,20229,Stewart Cink,0
42,-1,19825,Darren Clarke,0
42,-1,60008,Ford Clegg,0
42,-1,51151,Todd Clements,0
42,-1,35557,Aaron Cockerill,0
42,-1,47591,Eric Cole,0
42,-1,51895,Ryan Cole,0
42,-1,59570,Tyler Collet,0
42,-1,25720,Chad Collins,0
42,-1,55649,Cougar Collins,0
42,-1,23452,Nicolas Colsaerts,0
42,-1,24494,Erik Compton,0
42,-1,49453,Trevor Cone,0
42,0,47154,Martin Contini,0
42,-1,59442,Parker Coody,0
42,-1,59836,Pierceson Coody,0
42,-1,46435,Austin Cook,0
42,-1,59547,Anthony Cordes,0
42,-1,01226,Fred Couples,0
42,-1,56284,Patrick Cover,0
42,-1,65344,Trey Cox,0
42,-1,23541,Ben Crane,0
42,-1,56555,Myles Creighton,0
42,-1,39524,Sean Crocker,0
42,-1,54288,Harrison Crowe,0
42,-1,52514,Trace Crowe,0
42,-1,58605,Quade Cummins,0
42,-1,39067,MJ Daffue,0
42,-1,34076,Joel Dahmen,0
42,-1,01249,John Daly,0
42,-1,33459,Jens Dantorp,0
42,-1,66098,Billy Davis,0
42,-1,21753,Brian Davis,0
42,-1,45157,Cam Davis,0
42,-1,58380,Scott de Borba,0
42,-1,31681,Louis de Jager,0
42,-1,47959,Bryson DeChambeau,0
42,-1,50762,Alejandro Del Rey,0
42,-1,39859,Cristobal Del Solar,0
42,-1,63964,Derek Deminsky,0
42,-1,59608,Morgan Deneen,0
42,-1,33653,Thomas Detry,0
42,-1,35376,Roberto Díaz,0
42,-1,58121,Jarryd Dillas,0
42,-1,63196,Wenyi Ding,0
42,-1,23983,Luke Donald,0
42,-1,25369,Jamie Donaldson,0
42,-1,37338,Zecheng Dou,0
42,-1,35110,Brett Drewitt,0
42,-1,54954,Jesse Droemer,0
42,-1,25686,Jason Dufner,0
42,-1,60975,Michael Duncan,0
42,-1,45609,Tyler Duncan,0
42,-1,59866,Nick Dunlap,0
42,-1,60792,Taylor Durham,0
42,-1,09011,David Duval,0
42,-1,35133,Bryce Easton,0
42,-1,57362,Austin Eckroat,0
42,-1,06522,Ernie Els,0
42,-1,39201,Nacho Elvira,0
42,-1,47079,Harrison Endycott,0
42,-1,34099,Harris English,0
42,-1,59656,Hunter Epson,0
42,-1,37273,Derek Ernst,0
42,-1,30191,Julián Etulain,0
42,-1,55954,Lukas Euler,0
42,-1,28307,Matt Every,0
42,-1,32594,Oliver Farr,0
42,-1,34136,Armando Favela,0
42,-1,58767,Clay Feagler,0
42,-1,50223,Ewen Ferguson,0
42,-1,54278,Mateo Fernandez de Oliveira,0
42,-1,28166,Pedro Figueiredo,0
42,-1,36299,Edward Figueroa,0
42,-1,39412,Zack Fischer,0
42,-1,27896,Ross Fisher,0
42,-1,55721,Alex Fitzpatrick,0
42,-1,30911,Tommy Fleetwood,0
42,-1,65256,David Ford,0
42,-1,37066,Grant Forrest,0
42,-1,47960,Simon Forsström,0
42,-1,29936,Ryan Fox,0
42,-1,12823,Carlos Franco,0
42,-1,47966,Jeremy Freiburghaus,0
42,-1,54338,Chris French,0
42,-1,29970,Dylan Frittelli,0
42,-1,56149,Wilson Furr,0
42,-1,10809,Jim Furyk,0
42,-1,64576,Nick Gabrelcik,0
42,-1,30750,Tommy Gainey,0
42,-1,47081,Daniel Gale,0
42,-1,01388,Robert Gamez,0
42,-1,45477,Manu Gandas,0
42,-1,21209,Sergio Garcia,0
42,-1,48098,Sebastian Garcia Rodriguez,0
42,-1,29535,Brice Garnett,0
42,-1,24358,Robert Garrigus,0
42,-1,47499,Alex Gaugert,0
42,-1,46033,Daniel Gavins,0
42,-1,19846,Brian Gay,0
42,-1,59018,Ryan Gerard,0
42,-1,56266,Deon Germishuys,0
42,-1,52375,Doug Ghim,0
42,-1,65135,Jay Giannetto,0
42,-1,59647,Tommy Gibson,0
42,-1,32662,Michael Gligic,0
42,-1,47667,Conner Godsey,0
42,-1,28679,Fabián Gómez,0
42,-1,46402,Talor Gooch,0
42,-1,55165,Noah Goodwin,0
42,-1,56762,Will Gordon,0
42,-1,59095,Chris Gotterup,0
42,-1,31577,Tano Goya,0
42,-1,29974,Branden Grace,0
42,-1,51414,Brent Grant,0
42,-1,61143,Austin Greaser,0
42,-1,31273,Gavin Green,0
42,-1,51865,J.J. Grey,0
42,-1,39954,Cody Gribble,0
42,-1,54591,Ben Griffin,0
42,-1,35310,Lanto Griffin,0
42,-1,64755,Russell Grove,0
42,-1,46301,Juan Jose Guerra,0
42,-1,28340,Julien Guerrier,0
42,-1,49790,Danny Guise,0
42,-1,51989,Jordan Gumberg,0
42,-1,24980,Scott Gutschewski,0
42,-1,24924,Bill Haas,0
42,-1,34563,Chesson Hadley,0
42,-1,33399,Adam Hadwin,0
42,-1,46550,Brandon Hagy,0
42,-1,32448,James Hahn,0
42,-1,35901,Paul Haley II,0
42,-1,57975,Harry Hall,0
42,-1,60065,Ryan Hall,0
42,-1,47987,Cole Hammer,0
42,-1,27324,Seungsu Han,0
42,-1,63659,Joseph Hanko,0
42,-1,52462,Chase Hanna,0
42,-1,35421,Brandon Harkins,0
42,-1,20766,Padraig Harrington,0
42,-1,27554,Scott Harrington,0
42,-1,59105,Blake Hathcoat,0
42,-1,34363,Tyrrell Hatton,0
42,-1,26758,David Hearn,0
42,-1,48372,Marcus Helligkilde,0
42,-1,23353,J.J. Henry,0
42,-1,31121,Berry Henson,0
42,-1,39058,Lucas Herbert,0
42,-1,31557,Jim Herman,0
42,-1,58785,Michael Herrera,0
42,-1,49298,Kramer Hickok,0
42,-1,25444,Justin Hicks,0
42,-1,64594,Angel Hidalgo Portillo,0
42,-1,35778,Kazuki Higa,0
42,-1,54421,Garrick Higgo,0
42,-1,33597,Harry Higgs,0
42,-1,55707,Calum Hill,0
42,-1,49813,Daniel Hillier,0
42,-1,49120,Kensei Hirata,0
42,-1,51287,Ryo Hisatsune,0
42,-1,60531,Derek Hitchner,0
42,-1,33490,Bo Hoag,0
42,-1,35409,Craig Hocknull,0
42,-1,51696,Rico Hoey,0
42,-1,12716,Charley Hoffman,0
42,-1,58663,Noah Hofman,0
42,-1,35532,Tom Hoge,0
42,-1,52453,Nicolai Hojgaard,0
42,-1,52686,Rasmus Hojgaard,0
42,-1,27141,J.B. Holmes,0
42,-1,26284,Steve Holmes,0
42,-1,34296,Wes Homan,0
42,-1,47336,Michael Hopper,0
42,-1,34656,Mikumu Horikawa,0
42,-1,29420,Billy Horschel,0
42,-1,30909,David Horsey,0
42,-1,47056,Rikuya Hoshino,0
42,-1,35461,Beau Hossler,0
42,-1,36801,Mark Hubbard,0
42,-1,34174,John Huh,0
42,-1,31400,Daan Huizing,0
42,-1,48433,Oliver Hundeboll,0
42,-1,39971,Sungjae Im,0
42,-1,21350,Ryuji Imada,0
42,-1,32775,Shugo Imahira,0
42,-1,36514,Yuki Inamori,0
42,-1,62846,Colin Inglis,0
42,-1,30852,Ryo Ishikawa,0
42,-1,59681,Jose Cristobal Islas,0
42,-1,59743,Aguri Iwasaki,0
42,-1,27747,Hiroshi Iwata,0
42,-1,30050,Sean Jacklin,0
42,-1,63457,Palmer Jackson,0
42,-1,36799,Stephan Jaeger,0
42,-1,57869,Benjamin James,0
42,-1,31138,Scott Jamieson,0
42,-1,47238,Jazz Janewattananond,0
42,-1,61560,Aaron Jarvis,0
42,-1,54869,Chase Johnson,0
42,-1,30925,Dustin Johnson,0
42,-1,59569,Kamaiu Johnson,0
42,-1,26420,Richard Johnson,0
42,-1,12195,Tom Johnson,0
42,-1,24024,Zach Johnson,0
42,-1,64053,Nick Jones,0
42,-1,55955,Matthew Jordan,0
42,-1,63371,Chanmin Jung,0
42,-1,01604,Steve Jurgensen,0
42,-1,48018,Sadom Kaewkanjana,0
42,-1,47917,Takumi Kanaya,0
42,-1,47393,Jeffrey Kang,0
42,-1,25883,Kyung Nam Kang,0
42,-1,27974,Sung Kang,0
42,-1,46879,Naoyuki Kataoka,0
42,-1,48632,Yuto Katsuragawa,0
42,-1,51366,Riki Kawamoto,0
42,-1,32815,Masahiro Kawamura,0
42,-1,20094,Jonathan Kaye,0
42,-1,27408,Martin Kaymer,0
42,-1,08075,Jerry Kelly,0
42,-1,55752,Ben Kern,0
42,-1,54299,Taichi Kho,0
42,-1,30957,Maximilian Kieffer,0
42,-1,31558,J.J. Killeen,0
42,-1,35087,Bio Kim,0
42,-1,46103,Daniel Kim,0
42,-1,60436,Justin Kim,0
42,-1,39975,Michael Kim,0
42,-1,50188,S.H. Kim,0
42,-1,32369,Sihwan Kim,0
42,-1,32776,Yeongsu Kim,0
42,-1,45426,Nathan Kimsey,0
42,-1,63768,Harrison Kingsley,0
42,-1,46404,Marcus Kinhult,0
42,-1,29478,Kevin Kisner,0
42,-1,32757,Patton Kizzire,0
42,-1,22986,Søren Kjeldsen,0
42,-1,58658,Peter Knade,0
42,-1,47420,Jake Knapp,0
42,-1,30959,Alexander Knappe,0
42,-1,63671,William Knauth,0
42,-1,54813,Philip Knowles,0
42,-1,33122,Russell Knox,0
42,-1,56987,Jeong Weon Ko,0
42,-1,59871,Greg Koch,0
42,-1,32816,Satoshi Kodaira,0
42,-1,30944,Jason Kokrak,0
42,-1,61412,Nelly Korda,0
42,-1,47461,Andrew Kozan,0
42,-1,35879,Kelly Kraft,0
42,-1,23108,Matt Kuchar,0
42,-1,58696,Peter Kuest,0
42,-1,60547,Tommy Kuhl,0
42,-1,34317,Joakim Lagergren,0
42,-1,31420,Anirban Lahiri,0
42,-1,59495,Eddy Lai,0
42,-1,27936,Martin Laird,0
42,-1,27797,Derek Lamely,0
42,-1,54422,Christo Lamprecht,0
42,-1,33410,Andrew Landry,0
42,-1,54604,Joey Lane,0
42,-1,37250,Romain Langasque,0
42,-1,01666,Bernhard Langer,0
42,-1,51569,Peter Lansburgh,0
42,-1,29670,Pablo Larrazabal,0
42,-1,65310,Anders Larson,0
42,-1,28775,Nate Lashley,0
42,-1,34364,David Law,0
42,-1,45523,Thriston Lawrence,0
42,-1,49766,Hank Lebioda,0
42,-1,37124,Roberto Lebrija,0
42,-1,60215,Alex Lee,0
42,-1,29926,Danny Lee,0
42,-1,54468,Joshua Lee,0
42,-1,32791,K.H. Lee,0
42,-1,37378,Min Woo Lee,0
42,-1,52373,Walker Lee,0
42,-1,49337,Thomas Lehman,0
42,-1,27466,Spencer Levin,0
42,-1,34579,Alexander Levy,0
42,-1,35296,Haotong Li,0
42,-1,11032,Frank Lickliter II,0
42,-1,46837,Yuxin Lin,0
42,-1,48293,Mikael Lindberg,0
42,-1,37278,Nicholas Lindheim,0
42,-1,34409,David Lingmerth,0
42,-1,36326,David Lipsky,0
42,-1,37447,Zander Lombard,0
42,-1,35449,Adam Long,0
42,-1,55509,Hurly Long,0
42,-1,58936,Thomas Longbella,0
42,-1,01706,Davis Love III,0
42,-1,63958,Taylor Lowe,0
42,-1,40162,Justin Lower,0
42,-1,33204,Shane Lowry,0
42,-1,28300,Joost Luiten,0
42,-1,39830,Xuewen Luo,0
42,-1,01717,Sandy Lyle,0
42,-1,46368,Stuart Macdonald,0
42,-1,52215,Robert MacIntyre,0
42,-1,50006,Willie Mack III,0
42,-1,65373,Alex Maguire,0
42,-1,34466,Peter Malnati,0
42,-1,59137,RJ Manke,0
42,-1,54190,Richard Mansell,0
42,-1,60422,Enrique Marin Santander,0
42,-1,58693,George Markham,0
42,-1,33413,Ben Martin,0
42,-1,65252,Kyle Martin,0
42,-1,51927,Reid Martin,0
42,-1,39489,Bobby Massa,0
42,-1,64136,Jesse Massie,0
42,-1,32839,Hideki Matsuyama,0
42,-1,51491,Brandon Matthews,0
42,-1,64577,Kyle Maxwell,0
42,-1,60203,Jon Mayer,0
42,-1,47993,Denny McCarthy,0
42,-1,57736,Matthew McClean,0
42,-1,47737,Logan McCracken,0
42,-1,55421,Chip McDaniel,0
42,-1,31202,William McGirt,0
42,-1,51950,Max McGreevy,0
42,-1,50823,Tom McKibbin,0
42,-1,53914,Connor McKinney,0
42,-1,24449,Parker McLachlin,0
42,-1,46442,Maverick McNealy,0
42,-1,24490,George McNeill,0
42,-1,59143,Mac Meissner,0
42,-1,33674,Adrian Meronk,0
42,-1,32640,Troy Merritt,0
42,-1,36754,Andre Metzger,0
42,-1,06515,Shaun Micheel,0
42,-1,47102,David Micheluzzi,0
42,-1,01810,Phil Mickelson,0
42,-1,39834,Guido Migliozzi,0
42,-1,39546,Keith Mitchell,0
42,-1,01823,Larry Mize,0
42,-1,57860,Maxwell Moldovan,0
42,-1,23814,Edoardo Molinari,0
42,-1,25198,Francesco Molinari,0
42,-1,55789,Taylor Montgomery,0
42,-1,26596,Ryan Moore,0
42,-1,64690,Omar Morales,0
42,-1,29256,James Morrison,0
42,-1,63121,William Mouw,0
42,-1,28593,Jesse Mueller,0
42,-1,50489,Kyle Mueller,0
42,-1,46601,Trey Mullinax,0
42,-1,48822,Sebastián Muñoz,0
42,-1,59146,Sam Murphy,0
42,-1,34213,Grayson Murray,0
42,-1,25396,Kevin Na,0
42,-1,39537,Chris Naegel,0
42,-1,28521,Ryutaro Nagano,0
42,-1,49228,Keita Nakajima,0
42,-1,32344,Lukas Nemecz,0
42,-1,45729,Drew Nesbitt,0
42,-1,36871,Matt NeSmith,0
42,-1,58188,James Nicholas,0
42,-1,51635,Chris Nido,0
42,-1,45486,Joaquin Niemann,0
42,-1,56272,Wilco Nienaber,0
42,-1,56320,Bryson Nimmer,0
42,-1,29289,S.Y. Noh,0
42,-1,27349,Alex Noren,0
42,-1,65280,Niklas Norgaard,0
42,-1,30163,Henrik Norlander,0
42,-1,51997,Andrew Novak,0
42,-1,36724,Augusto Núñez,0
42,-1,64431,David Nyfjall,0
42,-1,24140,Sean O'Hair,0
42,-1,52575,Paul O'Hara,0
42,-1,22046,Geoff Ogilvy,0
42,-1,58164,Kohei Okada,0
42,-1,06373,José María Olazábal,0
42,-1,33968,Thorbjørn Olesen,0
42,-1,55623,Kaito Onishi,0
42,-1,26329,Louis Oosthuizen,0
42,-1,39262,Alvaro Ortiz,0
42,-1,33667,Carlos Ortiz,0
42,-1,34575,Adrian Otaegui,0
42,-1,31016,Tomoharu Otsuki,0
42,-1,28475,Jeff Overton,0
42,-1,59160,John Pak,0
42,-1,23320,Ryan Palmer,0
42,-1,29908,C.T. Pan,0
42,-1,55892,Étienne Papineau,0
42,-1,32797,Sanghyun Park,0
42,-1,50490,Chase Parker,0
42,-1,28723,John Parry,0
42,-1,48051,Yannik Paul,0
42,-1,48153,Matthieu Pavon,0
42,-1,54916,Rhadames Pena,0
42,-1,40250,Taylor Pendrith,0
42,-1,51003,Marco Penge,0
42,-1,34709,Eddie Pepperell,0
42,-1,22056,Cameron Percy,0
42,-1,47806,Raul Pereda,0
42,-1,48129,Corey Pereira,0
42,-1,47529,Mito Pereira,0
42,-1,47679,Victor Perez,0
42,-1,25345,Carl Pettersson,0
42,-1,57900,Chandler Phillips,0
42,-1,25818,Scott Piercy,0
42,-1,33293,Thomas Pieters,0
42,-1,51316,Kenny Pigman,0
42,-1,25240,D.A. Points,0
42,-1,60365,Charles Porter,0
42,-1,49771,J.T. Poston,0
42,-1,63343,Aldrich Potgieter,0
42,-1,27556,Ted Potter Jr.,0
42,-1,61193,David Puig,0
42,-1,32394,Tapio Pulkkanen,0
42,-1,21959,Ted Purdy,0
42,-1,34256,Andrew Putnam,0
42,-1,46414,Aaron Rai,0
42,-1,58594,Spencer Ralston,0
42,-1,47983,Chad Ramey,0
42,-1,29531,Richie Ramsay,0
42,-1,52287,David Ravetto,0
42,-1,26476,Chez Reavie,0
42,-1,58623,Garett Reband,0
42,-1,53165,Doc Redman,0
42,-1,34360,Patrick Reed,0
42,-1,29476,Kyle Reifers,0
42,-1,33735,Gabe Reynolds,0
42,-1,63011,Quinn Riley,0
42,-1,45847,JC Ritchie,0
42,-1,45165,Graeme Robertson,0
42,-1,65374,Brandon Robinson Thompson,0
42,-1,36699,Patrick Rodgers,0
42,-1,32058,José de Jesús Rodríguez,0
42,-1,50673,Martin Rohwer,0
42,-1,64751,Eric Rolland,0
42,-1,22913,John Rollins,0
42,-1,39335,Kevin Roy,0
42,0,66122,Scott Roy,0
42,-1,46646,Antoine Rozner,0
42,-1,39251,Ryan Ruffels,0
42,-1,45538,Matt Ryan,0
42,-1,37275,Sam Ryder,0
42,-1,64457,Diego Saavedra-Davila,0
42,-1,23621,Rory Sabbatini,0
42,-1,34371,Adrien Saddier,0
42,-1,56781,Isaiah Salinda,0
42,-1,33568,Kalle Samooja,0
42,-1,64753,Chris Sanger,0
42,-1,64442,Gordon Sargent,0
42,-1,29223,Sam Saunders,0
42,-1,45582,Jared Sawada,0
42,-1,55670,Alex Schaake,0
42,-1,57737,Jayden Schaper,0
42,-1,48081,Xander Schauffele,0
42,-1,47347,Adam Schenk,0
42,-1,48867,Matti Schmid,0
42,-1,31242,Marcel Schneider,0
42,-1,58690,Freddy Schott,0
42,-1,27986,Jesse Schutte,0
42,-1,34610,Matthias Schwab,0
42,-1,26331,Charl Schwartzel,0
42,-1,48156,Robin Sciot-Siegrist,0
42,-1,24502,Adam Scott,0
42,-1,31569,Jason Scrivener,0
42,-1,47888,Taiga Semikawa,0
42,-1,49022,Yoseop Seo,0
42,-1,39113,Shubhankar Sharma,0
42,-1,59548,Matt Sharpstene,0
42,-1,63181,Braden Shattuck,0
42,-1,46441,Robby Shelton,0
42,-1,52583,Sanghun Shin,0
42,-1,46035,Callum Shinkwin,0
42,-1,23481,Marcel Siem,0
42,-1,63548,Chase Sienkiewicz,0
42,-1,51890,Greyson Sigg,0
42,-1,37410,Hiram Silfa,0
42,-1,39327,Ben Silverman,0
42,-1,60586,Isaac Simmons,0
42,-1,37052,Martin Simonsen,0
42,-1,29221,Webb Simpson,0
42,-1,26490,Michael Sims,0
42,-1,06567,Vijay Singh,0
42,-1,33486,Roger Sloan,0
42,-1,46340,Alex Smalley,0
42,-1,35891,Cameron Smith,0
42,-1,46464,Jordan Smith,0
42,-1,50095,Austin Smotherman,0
42,-1,47078,Travis Smyth,0
42,-1,27649,Brandt Snedeker,0
42,-1,46405,Sebastian Soderberg,0
42,-1,58669,Jacob Solomon,0
42,-1,56297,John Somers,0
42,-1,36521,Young-han Song,0
42,-1,26757,Greg Sonnier,0
42,-1,40181,Clément Sordet,0
42,-1,35174,Matthew Southgate,0
42,-1,39324,J.J. Spaun,0
42,-1,50717,Josh Speight,0
42,-1,58190,Andy Spencer,0
42,-1,34046,Jordan Spieth,0
42,-1,50484,Hayden Springer,0
42,-1,59191,Vijay Srinivasan,0
42,-1,26679,Kevin Stadler,0
42,-1,30692,Scott Stallings,0
42,-1,54364,Stephen Stallings Jr.,0
42,-1,30110,Kyle Stanley,0
42,-1,29518,Brendan Steele,0
42,-1,63455,Ross Steelman,0
42,-1,29485,Brett Stegmaier,0
42,-1,21528,Henrik Stenson,0
42,-1,55893,Sam Stevens,0
42,-1,35913,Michael Stewart,0
42,-1,34431,Robert Streb,0
42,-1,27214,Kevin Streelman,0
42,-1,06527,Steve Stricker,0
42,-1,27963,Chris Stroud,0
42,-1,33023,Ockie Strydom,0
42,-1,31560,Brian Stuard,0
42,-1,60019,Jackson Suber,0
42,-1,50493,Justin Suh,0
42,-1,35314,Andy Sullivan,0
42,-1,57298,Preston Summerhays,0
42,-1,64054,Caleb Surratt,0
42,-1,29425,Andrew Svoboda,0
42,-1,11563,Kim Swan,0
42,-1,50584,Connor Syme,0
42,-1,35725,Sebastian Szirmak,0
42,-1,48699,Callum Tarren,0
42,-1,48929,Santiago Tarrio,0
42,-1,48119,Ben Taylor,0
42,-1,23325,Vaughn Taylor,0
42,-1,27330,Josh Teater,0
42,-1,33448,Justin Thomas,0
42,-1,10381,Curtis Thompson,0
42,-1,58168,Davis Thompson,0
42,-1,40027,Lexi Thompson,0
42,-1,32150,Michael Thompson,0
42,-1,57364,Michael Thorbjornsen,0
42,-1,30927,Brendon Todd,0
42,-1,35807,José Toledo,0
42,-1,38991,Alejandro Tosti,0
42,-1,56490,Travis Trace,0
42,-1,23788,D.J. Trahan,0
42,-1,35617,Martin Trainer,0
42,-1,60020,Johnny Travale,0
42,-1,45733,Austen Truslow,0
42,-1,32333,Kevin Tway,0
42,-1,08385,Omar Uresti,0
42,-1,65110,Brendan Valdes,0
42,-1,52666,Sami Valimaki,0
42,-1,32659,Darius Van Driel,0
42,-1,23623,Bo Van Pelt,0
42,-1,65443,Caleb VanArragon,0
42,-1,55573,John VanDerLaan,0
42,-1,37189,Harold Varner III,0
42,-1,35469,Sebastián Vázquez,0
42,-1,48640,Johannes Veerman,0
42,-1,27064,Jhonattan Vegas,0
42,-1,63123,Travis Vick,0
42,-1,54304,Karl Vilips,0
42,-1,50743,Nicolai Von Dellingshausen,0
42,-1,59203,Joey Vrzich,0
42,-1,26951,Johnson Wagner,0
42,-1,25632,Jimmy Walker,0
42,-1,63776,Jack Wall,0
42,-1,27140,Justin Walters,0
42,-1,48705,Dalton Ward,0
42,-1,31113,Paul Waring,0
42,-1,25841,Marc Warren,0
42,-1,27095,Nick Watney,0
42,-1,25804,Bubba Watson,0
42,-1,26289,Boo Weekley,0
42,-1,12794,Tim Weinhart,0
42,-1,10423,Mike Weir,0
42,-1,60021,Patrick Welch,0
42,-1,46628,Jeremy Wells,0
42,-1,58967,Trevor Werbylo,0
42,-1,47128,Richy Werenski,0
42,0,30681,Eric West,0
42,-1,52411,Kyle Westmoreland,0
42,-1,51894,Vince Whaley,0
42,-1,50992,Brett White,0
42,-1,33117,Dale Whitnell,0
42,-1,50474,Tim Widing,0
42,-1,33936,Gunner Wiebe,0
42,-1,59534,Brice Wilkinson,0
42,-1,32139,Danny Willett,0
42,0,47579,Kyle Wilshire,0
42,-1,55940,Andrew Wilson,0
42,-1,27506,Oliver Wilson,0
42,-1,50154,Joseph Winslow,0
42,-1,49964,Aaron Wise,0
42,-1,52635,JJ Wood,0
42,-1,31323,Gary Woodland,0
42,-1,08793,Tiger Woods,0
42,-1,50012,Wyatt Worthington II,0
42,-1,33870,Ashun Wu,0
42,-1,52374,Brandon Wu,0
42,-1,54783,Dylan Wu,0
42,-1,57865,Alexander Yang,0
42,-1,24663,Y.E. Yang,0
42,-1,59811,Kazuki Yasumori,0
42,-1,57366,Cameron Young,0
42,-1,52513,Carson Young,0
42,-1,45242,Kevin Yu,0
42,-1,55454,Carl Yuan,0
42,-1,47483,Will Zalatoris,0
42,-1,29939,Fabrizio Zanotti,0
42,0,36698,Andy Zhang,0
42,-1,50153,Jiri Zuska,0